{"cameraMode":{"drawMode":0,"name":"Shaded","section":"Shading Mode"},"sceneLighting":true,"audioPlay":false,"sceneViewState":{"m_AlwaysRefresh":false,"showFog":true,"showSkybox":true,"showFlares":true,"showImageEffects":true,"showParticleSystems":true,"showVisualEffectGraphs":true,"m_FxEnabled":true},"in2DMode":false,"pivot":{"x":297.45953369140627,"y":-1014.840576171875,"z":-131.4112548828125},"rotation":{"x":-0.006298921070992947,"y":-0.8937714099884033,"z":0.4487455189228058,"w":-0.012772317975759507},"size":1625.126708984375,"orthographic":false}